{"UseDarkMode":true,"UseSystemColorMode":false,"EnableCsvImports":true,"UseMPG":true,"UseDescending":false,"EnableAuth":true,"DisableRegistration":false,"EnableRootUserOIDC":false,"HideZero":false,"UseUKMPG":false,"UseThreeDecimalGasCost":true,"UseMarkDownOnSavedNotes":false,"EnableAutoReminderRefresh":false,"EnableAutoOdometerInsert":false,"EnableShopSupplies":false,"EnableExtraFieldColumns":false,"HideSoldVehicles":false,"AutomaticDecimalFormat":false,"PreferredGasUnit":null,"PreferredGasMileageUnit":null,"UserColumnPreferences":[],"ReminderUrgencyConfig":{"UrgentDays":30,"VeryUrgentDays":7,"UrgentDistance":100,"VeryUrgentDistance":50},"UserNameHash":"8c6976e5b5410415bde908bd4dee15dfb167a9c873fc4bb8a81f6f2ab448a918","UserPasswordHash":"72483646766572724241bdb874222da8992d1391843e017534d102c0d155354d","DefaultReminderEmail":null,"UserLanguage":"en_US","VisibleTabs":[0,8,1,4,2,3,6,5],"DefaultTab":8,"TabOrder":[8,9,10,0,1,4,2,7,3,6,5]}